,date,tmin,tmax
0,2018-01-01,48.3,68.6
1,2018-01-02,47.2,69.0
2,2018-01-03,53.0,76.9
3,2018-01-04,53.7,73.3
4,2018-01-05,51.8,76.7
5,2018-01-06,54.9,74.4
6,2018-01-07,55.5,72.7
7,2018-01-08,54.5,71.7
8,2018-01-09,59.8,73.9
9,2018-01-10,55.8,64.0
10,2018-01-11,51.5,62.1
11,2018-01-12,50.3,69.5
12,2018-01-13,51.1,72.2
13,2018-01-14,55.5,83.2
14,2018-01-15,54.1,80.5
15,2018-01-16,52.1,73.9
16,2018-01-17,52.0,70.4
17,2018-01-18,52.9,76.3
18,2018-01-19,53.6,76.5
19,2018-01-20,54.3,63.6
20,2018-01-21,46.4,60.1
21,2018-01-22,44.5,61.8
22,2018-01-23,44.6,66.2
23,2018-01-24,44.9,72.9
24,2018-01-25,45.7,76.9
25,2018-01-26,44.1,62.8
26,2018-01-27,45.9,63.0
27,2018-01-28,44.9,70.5
28,2018-01-29,51.1,84.1
29,2018-01-30,55.6,85.1
30,2018-01-31,55.1,81.1
31,2018-02-01,52.8,78.2
32,2018-02-02,52.3,78.6
33,2018-02-03,54.2,81.3
34,2018-02-04,52.9,79.0
35,2018-02-05,50.8,81.4
36,2018-02-06,50.2,71.9
37,2018-02-07,49.2,67.7
38,2018-02-08,50.9,81.1
39,2018-02-09,49.5,79.6
40,2018-02-10,48.5,69.3
41,2018-02-11,53.5,63.8
42,2018-02-12,52.0,68.5
43,2018-02-13,51.0,60.1
44,2018-02-14,50.0,64.7
45,2018-02-15,53.0,69.3
46,2018-02-16,51.7,69.6
47,2018-02-17,50.0,74.8
48,2018-02-18,48.7,74.6
49,2018-02-19,49.9,67.7
50,2018-02-20,39.3,58.0
51,2018-02-21,39.0,57.7
52,2018-02-22,42.4,58.2
53,2018-02-23,43.3,59.1
54,2018-02-24,40.9,55.7
55,2018-02-25,38.8,62.2
56,2018-02-26,41.3,66.9
57,2018-02-27,44.6,63.3
58,2018-02-28,41.8,55.9
59,2018-03-01,41.2,59.0
60,2018-03-02,44.2,61.6
61,2018-03-03,44.7,63.6
62,2018-03-04,50.6,61.4
63,2018-03-05,44.4,60.2
64,2018-03-06,44.1,71.2
65,2018-03-07,49.4,75.0
66,2018-03-08,50.9,71.9
67,2018-03-09,50.4,70.5
68,2018-03-10,51.2,67.8
69,2018-03-11,57.4,60.3
70,2018-03-12,58.0,67.9
71,2018-03-13,58.0,68.8
72,2018-03-14,57.5,68.8
73,2018-03-15,55.2,64.2
74,2018-03-16,47.6,60.9
75,2018-03-17,46.4,61.0
76,2018-03-18,48.0,60.7
77,2018-03-19,46.5,60.5
78,2018-03-20,47.1,69.9
79,2018-03-21,50.4,70.2
80,2018-03-22,52.2,74.7
81,2018-03-23,56.7,69.7
82,2018-03-24,56.3,66.1
83,2018-03-25,51.1,61.6
84,2018-03-26,48.1,61.1
85,2018-03-27,46.6,62.3
86,2018-03-28,45.9,69.2
87,2018-03-29,47.8,72.3
88,2018-03-30,50.5,72.4
89,2018-03-31,51.6,75.1
90,2018-04-01,52.0,71.1
91,2018-04-02,55.0,65.7
92,2018-04-03,56.2,63.4
93,2018-04-04,54.2,68.2
94,2018-04-05,55.5,65.3
95,2018-04-06,55.0,67.7
96,2018-04-07,54.2,68.8
97,2018-04-08,57.1,71.8
98,2018-04-09,55.2,74.1
99,2018-04-10,54.4,86.2
100,2018-04-11,56.1,88.2
101,2018-04-12,55.9,75.9
102,2018-04-13,50.5,65.8
103,2018-04-14,50.0,76.8
104,2018-04-15,53.7,84.8
105,2018-04-16,54.0,77.5
106,2018-04-17,51.9,65.2
107,2018-04-18,48.3,64.8
108,2018-04-19,48.3,67.3
109,2018-04-20,49.0,61.2
110,2018-04-21,49.5,68.7
111,2018-04-22,50.8,77.8
112,2018-04-23,53.8,77.0
113,2018-04-24,53.7,74.5
114,2018-04-25,54.1,70.1
115,2018-04-26,55.1,69.9
116,2018-04-27,56.1,68.6
117,2018-04-28,53.3,67.6
118,2018-04-29,54.3,68.9
119,2018-04-30,56.8,66.3
120,2018-05-01,54.0,63.1
121,2018-05-02,51.8,60.0
122,2018-05-03,50.3,60.9
123,2018-05-04,49.6,68.7
124,2018-05-05,53.9,83.9
125,2018-05-06,56.0,82.1
126,2018-05-07,55.2,77.9
127,2018-05-08,54.3,72.0
128,2018-05-09,55.9,71.6
129,2018-05-10,57.4,72.4
130,2018-05-11,57.9,72.1
131,2018-05-12,54.7,61.1
132,2018-05-13,54.6,63.9
133,2018-05-14,54.9,67.5
134,2018-05-15,56.7,68.0
135,2018-05-16,58.0,69.4
136,2018-05-17,55.9,68.9
137,2018-05-18,55.6,66.9
138,2018-05-19,57.8,65.1
139,2018-05-20,58.8,66.4
140,2018-05-21,57.2,65.0
141,2018-05-22,57.2,64.8
142,2018-05-23,56.5,65.8
143,2018-05-24,58.4,66.6
144,2018-05-25,57.8,64.4
145,2018-05-26,56.0,68.7
146,2018-05-27,56.3,66.4
147,2018-05-28,58.1,69.5
148,2018-05-29,59.6,70.9
149,2018-05-30,59.0,68.6
150,2018-05-31,58.5,69.3
151,2018-06-01,58.6,69.8
152,2018-06-02,56.0,72.2
153,2018-06-03,55.5,73.7
154,2018-06-04,59.7,74.6
155,2018-06-05,60.4,71.7
156,2018-06-06,60.9,69.5
157,2018-06-07,59.9,71.2
158,2018-06-08,56.5,70.8
159,2018-06-09,56.3,77.8
160,2018-06-10,60.7,77.9
161,2018-06-11,59.3,75.2
162,2018-06-12,59.6,75.9
163,2018-06-13,60.4,75.2
164,2018-06-14,61.2,75.7
165,2018-06-15,62.2,83.1
166,2018-06-16,61.2,75.5
167,2018-06-17,60.6,65.6
168,2018-06-18,60.6,67.9
169,2018-06-19,61.3,70.8
170,2018-06-20,60.4,72.2
171,2018-06-21,61.7,73.2
172,2018-06-22,62.6,73.5
173,2018-06-23,62.3,77.0
174,2018-06-24,61.8,67.6
175,2018-06-25,61.2,71.9
176,2018-06-26,61.4,73.9
177,2018-06-27,61.7,76.2
178,2018-06-28,62.3,75.1
179,2018-06-29,60.9,72.3
180,2018-06-30,61.8,70.3
181,2018-07-01,60.7,72.5
182,2018-07-02,61.5,73.9
183,2018-07-03,63.5,76.6
184,2018-07-04,63.0,74.3
185,2018-07-05,62.6,78.0
186,2018-07-06,63.6,83.6
187,2018-07-07,66.3,102.8
188,2018-07-08,71.4,92.9
189,2018-07-09,71.5,91.0
190,2018-07-10,70.0,86.8
191,2018-07-11,67.6,81.2
192,2018-07-12,67.7,81.1
193,2018-07-13,68.3,79.9
194,2018-07-14,68.2,81.6
195,2018-07-15,68.2,80.7
196,2018-07-16,65.2,80.3
197,2018-07-17,65.5,79.7
198,2018-07-18,66.6,79.3
199,2018-07-19,66.2,78.1
200,2018-07-20,66.3,81.1
201,2018-07-21,67.1,77.9
202,2018-07-22,68.1,80.8
203,2018-07-23,67.5,83.9
204,2018-07-24,67.8,89.4
205,2018-07-25,67.8,87.9
206,2018-07-26,67.3,84.6
207,2018-07-27,66.8,80.8
208,2018-07-28,67.5,89.8
209,2018-07-29,68.2,80.8
210,2018-07-30,69.1,88.4
211,2018-07-31,69.8,86.2
212,2018-08-01,70.2,86.6
213,2018-08-02,71.1,87.7
214,2018-08-03,69.8,85.9
215,2018-08-04,69.6,85.2
216,2018-08-05,67.0,86.5
217,2018-08-06,66.5,84.9
218,2018-08-07,66.3,88.1
219,2018-08-08,69.4,91.4
220,2018-08-09,70.9,91.5
221,2018-08-10,73.4,92.0
222,2018-08-11,73.5,89.3
223,2018-08-12,72.5,87.6
224,2018-08-13,70.5,84.9
225,2018-08-14,68.5,81.8
226,2018-08-15,68.7,80.5
227,2018-08-16,69.3,79.6
228,2018-08-17,70.5,80.4
229,2018-08-18,71.5,81.5
230,2018-08-19,70.4,82.8
231,2018-08-20,69.9,81.3
232,2018-08-21,70.5,80.1
233,2018-08-22,70.8,80.7
234,2018-08-23,69.7,81.8
235,2018-08-24,69.3,80.7
236,2018-08-25,67.3,78.6
237,2018-08-26,69.1,78.7
238,2018-08-27,66.6,79.9
239,2018-08-28,64.3,78.9
240,2018-08-29,65.5,79.4
241,2018-08-30,65.4,82.6
242,2018-08-31,64.0,84.7
243,2018-09-01,64.2,80.2
244,2018-09-02,66.3,75.7
245,2018-09-03,67.5,76.5
246,2018-09-04,67.0,75.5
247,2018-09-05,67.8,73.9
248,2018-09-06,67.6,78.5
249,2018-09-07,67.6,76.4
250,2018-09-08,64.7,79.2
251,2018-09-09,62.5,86.1
252,2018-09-10,63.8,82.4
253,2018-09-11,60.9,78.7
254,2018-09-12,64.3,76.9
255,2018-09-13,61.8,79.1
256,2018-09-14,61.7,81.1
257,2018-09-15,62.9,86.6
258,2018-09-16,64.2,82.1
259,2018-09-17,63.0,82.8
260,2018-09-18,60.9,81.9
261,2018-09-19,59.8,80.8
262,2018-09-20,62.1,77.7
263,2018-09-21,58.8,73.9
264,2018-09-22,58.3,77.3
265,2018-09-23,63.2,78.8
266,2018-09-24,64.4,77.0
267,2018-09-25,64.6,68.5
268,2018-09-26,64.3,74.0
269,2018-09-27,63.6,74.3
270,2018-09-28,63.1,78.2
271,2018-09-29,64.7,76.4
272,2018-09-30,63.4,78.2
273,2018-10-01,63.2,83.0
274,2018-10-02,68.4,89.1
275,2018-10-03,65.2,78.3
276,2018-10-04,66.5,76.8
277,2018-10-05,63.7,74.5
278,2018-10-06,62.2,73.5
279,2018-10-07,61.6,71.0
280,2018-10-08,58.9,72.4
281,2018-10-09,58.4,73.1
282,2018-10-10,59.0,73.0
283,2018-10-11,57.3,71.7
284,2018-10-12,56.9,73.5
285,2018-10-13,56.5,74.4
286,2018-10-14,58.6,68.1
287,2018-10-15,59.5,72.4
288,2018-10-16,55.4,82.2
289,2018-10-17,54.9,79.7
290,2018-10-18,56.1,79.2
291,2018-10-19,57.3,83.5
292,2018-10-20,58.8,87.2
293,2018-10-21,58.0,85.4
294,2018-10-22,57.3,77.5
295,2018-10-23,60.1,72.4
296,2018-10-24,61.8,71.9
297,2018-10-25,60.5,74.7
298,2018-10-26,57.6,77.0
299,2018-10-27,56.7,80.1
300,2018-10-28,55.7,83.6
301,2018-10-29,55.7,77.4
302,2018-10-30,58.9,77.8
303,2018-10-31,57.0,71.9
304,2018-11-01,55.2,78.6
305,2018-11-02,54.8,81.8
306,2018-11-03,58.6,87.3
307,2018-11-04,57.9,82.9
308,2018-11-05,56.2,77.1
309,2018-11-06,54.1,71.3
310,2018-11-07,62.0,72.1
311,2018-11-08,63.2,70.7
312,2018-11-09,53.7,72.9
313,2018-11-10,53.4,81.8
314,2018-11-11,50.8,78.8
315,2018-11-12,48.2,75.8
316,2018-11-13,47.9,77.7
317,2018-11-14,50.9,75.4
318,2018-11-15,51.6,77.5
319,2018-11-16,50.9,76.9
320,2018-11-17,49.8,74.8
321,2018-11-18,48.9,72.9
322,2018-11-19,49.5,73.8
323,2018-11-20,50.5,72.1
324,2018-11-21,51.2,69.1
325,2018-11-22,52.1,70.7
326,2018-11-23,53.9,67.8
327,2018-11-24,55.7,67.8
328,2018-11-25,54.2,68.8
329,2018-11-26,53.1,74.1
330,2018-11-27,52.5,75.6
331,2018-11-28,51.4,75.1
332,2018-11-29,51.6,65.9
333,2018-11-30,55.5,62.1
334,2018-12-01,53.5,63.6
335,2018-12-02,52.7,63.8
336,2018-12-03,46.3,62.5
337,2018-12-04,45.0,67.6
338,2018-12-05,47.2,71.2
339,2018-12-06,44.9,62.5
340,2018-12-07,53.9,65.4
341,2018-12-08,51.4,67.4
342,2018-12-09,50.4,69.7
343,2018-12-10,50.3,71.4
344,2018-12-11,52.4,67.2
345,2018-12-12,50.7,66.2
346,2018-12-13,48.8,64.9
347,2018-12-14,48.4,77.9
348,2018-12-15,52.3,70.2
349,2018-12-16,47.7,70.9
350,2018-12-17,47.1,69.8
351,2018-12-18,52.5,65.9
352,2018-12-19,51.1,66.0
353,2018-12-20,48.7,71.2
354,2018-12-21,48.0,73.2
355,2018-12-22,48.7,65.3
356,2018-12-23,46.8,68.2
357,2018-12-24,51.1,66.0
358,2018-12-25,50.5,64.6
359,2018-12-26,47.9,59.1
360,2018-12-27,47.0,64.1
361,2018-12-28,45.6,62.0
362,2018-12-29,40.4,61.0
363,2018-12-30,39.9,60.7
364,2018-12-31,41.5,62.3
365,2019-01-01,43.6,58.6
366,2019-01-02,40.3,57.1
367,2019-01-03,36.2,60.0
368,2019-01-04,39.0,62.5
369,2019-01-05,38.5,64.4
370,2019-01-06,48.5,58.0
371,2019-01-07,46.5,60.3
372,2019-01-08,45.2,64.7
373,2019-01-09,48.2,69.6
374,2019-01-10,47.0,65.0
375,2019-01-11,50.0,63.5
376,2019-01-12,47.1,61.7
377,2019-01-13,47.3,60.1
378,2019-01-14,46.2,60.4
379,2019-01-15,53.0,58.6
380,2019-01-16,53.8,60.8
381,2019-01-17,55.7,66.9
382,2019-01-18,56.5,60.9
383,2019-01-19,50.6,63.4
384,2019-01-20,49.7,73.4
385,2019-01-21,52.2,72.5
386,2019-01-22,45.4,60.7
387,2019-01-23,43.9,66.3
388,2019-01-24,44.1,67.0
389,2019-01-25,45.2,74.9
390,2019-01-26,46.7,75.1
391,2019-01-27,51.1,78.4
392,2019-01-28,49.4,75.5
393,2019-01-29,49.0,74.4
394,2019-01-30,51.2,67.1
395,2019-01-31,51.4,64.7
396,2019-02-01,49.3,62.4
397,2019-02-02,49.8,62.2
398,2019-02-03,50.5,64.2
399,2019-02-04,49.4,60.8
400,2019-02-05,51.4,59.6
401,2019-02-06,47.9,55.9
402,2019-02-07,41.9,54.8
403,2019-02-08,39.8,61.2
404,2019-02-09,40.6,60.7
405,2019-02-10,44.9,59.0
406,2019-02-11,43.3,58.4
407,2019-02-12,41.4,60.5
408,2019-02-13,41.4,70.6
409,2019-02-14,50.7,64.6
410,2019-02-15,50.5,63.0
411,2019-02-16,49.8,60.6
412,2019-02-17,49.1,57.6
413,2019-02-18,48.0,56.5
414,2019-02-19,38.1,55.2
415,2019-02-20,37.3,58.2
416,2019-02-21,39.7,54.8
417,2019-02-22,39.1,53.1
418,2019-02-23,37.8,56.8
419,2019-02-24,40.0,62.4
420,2019-02-25,41.7,62.7
421,2019-02-26,44.2,65.8
422,2019-02-27,46.1,62.3
423,2019-02-28,48.1,63.4
424,2019-03-01,52.2,69.2
425,2019-03-02,54.9,65.0
426,2019-03-03,56.0,61.0
427,2019-03-04,54.7,62.4
428,2019-03-05,48.0,60.8
429,2019-03-06,45.9,68.2
430,2019-03-07,57.1,64.7
431,2019-03-08,51.7,62.4
432,2019-03-09,47.2,58.7
433,2019-03-10,46.4,58.5
434,2019-03-11,45.5,58.4
435,2019-03-12,47.6,59.5
436,2019-03-13,50.2,62.3
437,2019-03-14,48.1,62.7
438,2019-03-15,47.4,70.0
439,2019-03-16,48.6,72.1
440,2019-03-17,48.4,74.9
441,2019-03-18,49.7,76.1
442,2019-03-19,51.5,70.7
443,2019-03-20,50.7,65.4
444,2019-03-21,52.9,64.5
445,2019-03-22,48.6,61.9
446,2019-03-23,48.2,63.0
447,2019-03-24,49.3,64.2
448,2019-03-25,50.1,66.5
449,2019-03-26,49.7,69.7
450,2019-03-27,51.2,69.0
451,2019-03-28,53.6,66.7
452,2019-03-29,51.2,66.6
453,2019-03-30,49.8,66.9
454,2019-03-31,49.1,72.0
455,2019-04-01,53.6,81.0
456,2019-04-02,55.7,81.2
457,2019-04-03,54.7,66.9
458,2019-04-04,54.4,65.5
459,2019-04-05,54.9,65.8
460,2019-04-06,54.5,65.7
461,2019-04-07,53.2,68.1
462,2019-04-08,53.3,76.0
463,2019-04-09,57.1,83.4
464,2019-04-10,52.0,70.8
465,2019-04-11,50.2,71.8
466,2019-04-12,49.1,69.6
467,2019-04-13,51.6,68.3
468,2019-04-14,51.5,74.7
469,2019-04-15,51.5,73.4
470,2019-04-16,52.8,68.2
471,2019-04-17,52.3,63.7
472,2019-04-18,51.8,75.3
473,2019-04-19,53.8,78.2
474,2019-04-20,55.6,71.5
475,2019-04-21,56.9,66.1
476,2019-04-22,52.3,65.0
477,2019-04-23,52.1,68.0
478,2019-04-24,56.4,70.3
479,2019-04-25,57.3,73.7
480,2019-04-26,57.7,73.8
481,2019-04-27,57.6,69.8
482,2019-04-28,58.5,69.6
483,2019-04-29,58.6,70.9
484,2019-04-30,55.6,64.8
485,2019-05-01,56.2,62.0
486,2019-05-02,56.4,67.1
487,2019-05-03,55.4,68.2
488,2019-05-04,56.6,70.0
489,2019-05-05,55.9,71.5
490,2019-05-06,57.0,69.2
491,2019-05-07,57.1,68.6
492,2019-05-08,57.3,65.7
493,2019-05-09,56.6,63.4
494,2019-05-10,57.0,63.7
495,2019-05-11,56.9,65.2
496,2019-05-12,57.6,69.8
497,2019-05-13,59.6,70.8
498,2019-05-14,60.7,69.9
499,2019-05-15,59.9,71.3
500,2019-05-16,56.8,66.0
501,2019-05-17,53.9,65.3
502,2019-05-18,50.5,66.8
503,2019-05-19,50.9,69.1
504,2019-05-20,54.9,64.8
505,2019-05-21,54.1,64.4
506,2019-05-22,55.6,63.6
507,2019-05-23,54.7,62.9
508,2019-05-24,51.0,65.4
509,2019-05-25,50.9,68.3
510,2019-05-26,52.8,66.6
511,2019-05-27,53.4,61.6
512,2019-05-28,50.4,63.9
513,2019-05-29,49.8,67.3
514,2019-05-30,55.0,70.1
515,2019-05-31,59.4,71.3
516,2019-06-01,59.1,67.2
517,2019-06-02,58.8,66.9
518,2019-06-03,58.9,66.4
519,2019-06-04,59.4,67.0
520,2019-06-05,60.0,67.2
521,2019-06-06,60.0,69.8
522,2019-06-07,60.6,69.3
523,2019-06-08,60.3,68.3
524,2019-06-09,58.5,70.9
525,2019-06-10,58.0,78.2
526,2019-06-11,58.9,88.6
527,2019-06-12,60.4,77.8
528,2019-06-13,61.6,75.5
529,2019-06-14,59.9,70.9
530,2019-06-15,60.7,69.8
531,2019-06-16,62.0,71.3
532,2019-06-17,60.6,68.6
533,2019-06-18,60.7,65.7
534,2019-06-19,58.1,69.6
535,2019-06-20,60.6,72.5
536,2019-06-21,60.2,69.7
537,2019-06-22,60.6,68.2
538,2019-06-23,61.3,71.2
539,2019-06-24,62.2,72.8
540,2019-06-25,61.1,69.7
541,2019-06-26,61.1,67.2
542,2019-06-27,60.4,70.4
543,2019-06-28,61.0,72.6
544,2019-06-29,60.3,74.7
545,2019-06-30,61.1,79.4
546,2019-07-01,60.8,84.1
547,2019-07-02,60.6,78.7
548,2019-07-03,61.5,75.0
549,2019-07-04,61.8,71.5
550,2019-07-05,61.2,72.9
551,2019-07-06,62.1,73.3
552,2019-07-07,62.7,73.1
553,2019-07-08,62.3,73.2
554,2019-07-09,62.7,71.8
555,2019-07-10,61.4,76.2
556,2019-07-11,61.9,77.1
557,2019-07-12,63.1,77.4
558,2019-07-13,63.3,78.4
559,2019-07-14,61.9,76.5
560,2019-07-15,62.9,77.6
561,2019-07-16,61.8,82.0
562,2019-07-17,61.9,76.9
563,2019-07-18,62.8,73.3
564,2019-07-19,63.9,77.5
565,2019-07-20,63.3,74.0
566,2019-07-21,64.6,75.9
567,2019-07-22,65.3,78.3
568,2019-07-23,66.3,81.7
569,2019-07-24,68.1,86.5
570,2019-07-25,69.7,89.2
571,2019-07-26,68.5,88.4
572,2019-07-27,68.0,86.7
573,2019-07-28,67.3,83.4
574,2019-07-29,63.2,78.9
575,2019-07-30,64.2,79.8
576,2019-07-31,62.2,75.0
577,2019-08-01,63.0,77.4
578,2019-08-02,65.8,80.4
579,2019-08-03,65.4,81.6
580,2019-08-04,63.5,80.1
581,2019-08-05,63.5,81.2
582,2019-08-06,64.8,81.3
583,2019-08-07,64.6,79.1
584,2019-08-08,64.5,76.9
585,2019-08-09,62.2,78.2
586,2019-08-10,62.4,79.0
587,2019-08-11,63.2,77.9
588,2019-08-12,61.8,76.4
589,2019-08-13,61.7,76.3
590,2019-08-14,62.3,78.9
591,2019-08-15,63.2,81.0
592,2019-08-16,62.7,80.8
593,2019-08-17,62.6,77.5
594,2019-08-18,63.1,74.7
595,2019-08-19,64.2,75.6
596,2019-08-20,65.3,78.4
597,2019-08-21,63.5,80.8
598,2019-08-22,62.6,83.2
599,2019-08-23,63.1,74.6
600,2019-08-24,63.8,76.8
601,2019-08-25,63.7,80.9
602,2019-08-26,67.1,89.9
603,2019-08-27,67.5,87.4
604,2019-08-28,67.2,82.3
605,2019-08-29,65.9,77.8
606,2019-08-30,66.2,81.1
607,2019-08-31,66.7,83.7
608,2019-09-01,68.1,83.4
609,2019-09-02,67.8,82.0
610,2019-09-03,68.3,87.2
611,2019-09-04,71.4,86.8
612,2019-09-05,71.1,88.1
613,2019-09-06,69.9,87.1
614,2019-09-07,68.4,87.4
615,2019-09-08,65.2,84.8
616,2019-09-09,63.0,76.2
617,2019-09-10,64.9,75.2
618,2019-09-11,64.0,74.7
619,2019-09-12,62.5,76.6
620,2019-09-13,62.4,79.7
621,2019-09-14,64.3,85.1
622,2019-09-15,65.1,90.0
623,2019-09-16,65.4,89.9
624,2019-09-17,64.4,81.2
625,2019-09-18,60.6,79.2
626,2019-09-19,60.7,76.6
627,2019-09-20,59.4,75.2
628,2019-09-21,57.9,75.5
629,2019-09-22,60.8,78.8
630,2019-09-23,61.3,83.5
631,2019-09-24,59.4,78.4
632,2019-09-25,59.6,82.9
633,2019-09-26,66.8,76.0
634,2019-09-27,67.4,73.7
635,2019-09-28,64.9,72.5
636,2019-09-29,61.1,71.8
637,2019-09-30,54.9,70.2
638,2019-10-01,53.7,72.5
639,2019-10-02,53.9,72.0
640,2019-10-03,53.8,74.7
641,2019-10-04,54.2,75.5
642,2019-10-05,52.9,76.6
643,2019-10-06,53.0,79.7
644,2019-10-07,54.9,84.8
645,2019-10-08,57.3,84.4
646,2019-10-09,56.3,80.3
647,2019-10-10,61.5,72.4
648,2019-10-11,54.4,74.3
649,2019-10-12,54.0,86.3
650,2019-10-13,55.3,78.9
651,2019-10-14,59.6,72.5
652,2019-10-15,56.7,72.2
653,2019-10-16,55.1,78.8
654,2019-10-17,59.6,83.3
655,2019-10-18,58.9,73.7
656,2019-10-19,56.9,74.7
657,2019-10-20,54.0,78.6
658,2019-10-21,53.7,78.3
659,2019-10-22,60.9,89.7
660,2019-10-23,62.4,93.9
661,2019-10-24,60.7,87.7
662,2019-10-25,60.9,96.0
663,2019-10-26,61.9,89.9
664,2019-10-27,58.5,85.8
665,2019-10-28,54.7,68.1
666,2019-10-29,51.3,75.9
667,2019-10-30,50.6,69.8
668,2019-10-31,46.7,78.0
669,2019-11-01,47.4,77.4
670,2019-11-02,50.2,77.3
671,2019-11-03,52.0,81.0
672,2019-11-04,49.9,78.4
673,2019-11-05,50.0,76.4
674,2019-11-06,50.4,73.8
675,2019-11-07,55.1,70.0
676,2019-11-08,53.9,71.3
677,2019-11-09,52.4,79.3
678,2019-11-10,55.6,86.5
679,2019-11-11,55.6,70.4
680,2019-11-12,53.0,68.4
681,2019-11-13,54.2,74.1
682,2019-11-14,53.0,71.8
683,2019-11-15,54.9,70.8
684,2019-11-16,54.4,70.3
685,2019-11-17,52.2,75.6
686,2019-11-18,55.6,89.0
687,2019-11-19,59.3,92.2
688,2019-11-20,57.3,80.4
689,2019-11-21,53.5,61.2
690,2019-11-22,51.7,64.3
691,2019-11-23,50.1,69.1
692,2019-11-24,50.8,71.7
693,2019-11-25,49.1,73.1
694,2019-11-26,48.3,67.2
695,2019-11-27,49.0,67.1
696,2019-11-28,48.6,63.4
697,2019-11-29,48.0,58.7
698,2019-11-30,45.8,58.0
699,2019-12-01,46.8,61.4
700,2019-12-02,47.3,65.1
701,2019-12-03,49.6,70.0
702,2019-12-04,52.0,67.1
703,2019-12-05,53.5,61.3
704,2019-12-06,51.6,66.9
705,2019-12-07,53.0,70.3
706,2019-12-08,59.9,64.1
707,2019-12-09,53.1,63.0
708,2019-12-10,49.2,63.5
709,2019-12-11,47.7,67.5
710,2019-12-12,47.4,65.5
711,2019-12-13,50.5,68.4
712,2019-12-14,50.4,69.5
713,2019-12-15,53.0,65.0
714,2019-12-16,45.8,61.8
715,2019-12-17,42.3,67.6
716,2019-12-18,42.8,66.3
717,2019-12-19,42.1,62.3
718,2019-12-20,41.6,63.1
719,2019-12-21,45.8,73.5
720,2019-12-22,49.8,71.6
721,2019-12-23,50.6,63.8
722,2019-12-24,51.8,57.8
723,2019-12-25,49.3,59.5
724,2019-12-26,47.3,58.6
725,2019-12-27,42.4,56.3
726,2019-12-28,41.2,59.4
727,2019-12-29,43.1,59.7
728,2019-12-30,44.0,60.8
729,2019-12-31,47.9,59.8
730,2020-01-01,46.7,70.1
731,2020-01-02,46.4,65.0
732,2020-01-03,47.2,67.4
733,2020-01-04,47.7,71.4
734,2020-01-05,45.8,68.2
735,2020-01-06,44.7,65.8
736,2020-01-07,46.9,77.6
737,2020-01-08,45.3,73.9
738,2020-01-09,43.4,60.9
739,2020-01-10,44.8,59.6
740,2020-01-11,43.4,64.2
741,2020-01-12,43.3,61.6
742,2020-01-13,44.9,62.5
743,2020-01-14,46.8,62.4
744,2020-01-15,44.7,62.0
745,2020-01-16,43.1,62.5
746,2020-01-17,48.3,59.1
747,2020-01-18,45.5,60.6
748,2020-01-19,43.6,69.5
749,2020-01-20,45.5,74.9
750,2020-01-21,50.7,63.2
751,2020-01-22,49.8,58.9
752,2020-01-23,47.9,63.3
753,2020-01-24,46.8,70.3
754,2020-01-25,48.1,68.1
755,2020-01-26,48.7,65.3
756,2020-01-27,52.0,60.6
757,2020-01-28,48.5,66.2
758,2020-01-29,47.3,72.7
759,2020-01-30,47.5,70.3
760,2020-01-31,48.1,72.5
761,2020-02-01,47.7,77.7
762,2020-02-02,52.2,80.1
763,2020-02-03,51.8,68.0
764,2020-02-04,43.3,61.7
765,2020-02-05,37.8,60.5
766,2020-02-06,37.4,60.7
767,2020-02-07,42.5,63.3
768,2020-02-08,43.2,65.2
769,2020-02-09,45.6,67.2
770,2020-02-10,49.8,56.4
771,2020-02-11,46.3,58.3
772,2020-02-12,45.4,67.2
773,2020-02-13,44.1,63.7
774,2020-02-14,43.9,66.1
775,2020-02-15,44.6,65.2
776,2020-02-16,44.0,67.2
777,2020-02-17,44.9,67.5
778,2020-02-18,48.3,65.5
779,2020-02-19,54.2,64.6
780,2020-02-20,48.9,65.4
781,2020-02-21,48.6,74.2
782,2020-02-22,52.7,71.4
783,2020-02-23,52.6,60.4
784,2020-02-24,49.6,63.0
785,2020-02-25,49.9,66.4
786,2020-02-26,49.7,79.4
787,2020-02-27,52.0,77.7
788,2020-02-28,53.5,81.8
789,2020-02-29,50.9,82.3
790,2020-03-01,48.6,68.0
791,2020-03-02,49.8,58.8
792,2020-03-03,45.8,61.8
793,2020-03-04,44.9,73.9
794,2020-03-05,49.4,67.2
795,2020-03-06,51.7,73.9
796,2020-03-07,53.6,67.9
797,2020-03-08,54.0,63.7
798,2020-03-09,49.3,63.5
799,2020-03-10,48.7,70.4
800,2020-03-11,59.4,66.5
801,2020-03-12,56.2,68.4
802,2020-03-13,53.4,61.3
803,2020-03-14,54.2,59.1
804,2020-03-15,53.2,62.5
805,2020-03-16,51.6,62.0
806,2020-03-17,52.3,62.5
807,2020-03-18,46.9,60.3
808,2020-03-19,48.3,55.9
809,2020-03-20,49.9,60.5
810,2020-03-21,50.7,62.0
811,2020-03-22,50.1,63.6
812,2020-03-23,49.6,67.8
813,2020-03-24,50.0,63.1
814,2020-03-25,52.1,63.4
815,2020-03-26,52.5,62.3
816,2020-03-27,46.1,58.7
817,2020-03-28,44.7,60.1
818,2020-03-29,45.3,62.0
819,2020-03-30,47.8,63.3
820,2020-03-31,51.8,67.9
821,2020-04-01,52.8,69.4
822,2020-04-02,52.1,66.4
823,2020-04-03,50.1,64.3
824,2020-04-04,49.7,65.4
825,2020-04-05,55.8,64.1
826,2020-04-06,53.9,63.0
827,2020-04-07,53.6,62.7
828,2020-04-08,51.3,62.3
829,2020-04-09,50.2,59.1
830,2020-04-10,50.9,60.1
831,2020-04-11,50.2,55.6
832,2020-04-12,49.4,64.3
833,2020-04-13,53.8,59.8
834,2020-04-14,53.8,61.9
835,2020-04-15,53.8,68.5
836,2020-04-16,52.1,77.5
837,2020-04-17,52.4,72.4
838,2020-04-18,53.3,64.4
839,2020-04-19,55.4,64.2
840,2020-04-20,56.4,63.7
841,2020-04-21,57.1,64.9
842,2020-04-22,54.0,66.7
843,2020-04-23,54.3,78.3
844,2020-04-24,57.3,81.0
845,2020-04-25,59.3,85.2
846,2020-04-26,59.8,84.3
847,2020-04-27,60.3,85.2
848,2020-04-28,60.0,74.6
849,2020-04-29,61.3,74.5
850,2020-04-30,62.0,72.0
851,2020-05-01,61.9,74.4
852,2020-05-02,58.9,74.6
853,2020-05-03,58.9,75.9
854,2020-05-04,58.7,72.7
855,2020-05-05,58.4,75.9
856,2020-05-06,60.1,83.1
857,2020-05-07,59.7,87.6
858,2020-05-08,58.9,81.3
859,2020-05-09,59.4,75.4
860,2020-05-10,63.2,72.8
861,2020-05-11,61.2,71.5
862,2020-05-12,56.5,72.0
863,2020-05-13,55.7,72.1
864,2020-05-14,55.9,69.6
865,2020-05-15,55.4,71.7
866,2020-05-16,58.9,73.0
867,2020-05-17,59.8,74.4
868,2020-05-18,60.5,72.5
869,2020-05-19,59.3,72.8
870,2020-05-20,54.6,68.5
871,2020-05-21,54.5,71.7
872,2020-05-22,54.8,75.3
873,2020-05-23,60.7,71.0
874,2020-05-24,56.4,69.3
875,2020-05-25,56.2,72.3
876,2020-05-26,60.0,76.9
877,2020-05-27,60.5,81.6
878,2020-05-28,61.5,80.7
879,2020-05-29,62.7,74.1
880,2020-05-30,62.0,69.4
881,2020-05-31,61.1,72.9
882,2020-06-01,59.0,73.7
883,2020-06-02,58.7,77.3
884,2020-06-03,59.9,76.3
885,2020-06-04,63.1,83.8
886,2020-06-05,61.7,71.1
887,2020-06-06,61.3,71.0
888,2020-06-07,60.3,70.2
889,2020-06-08,56.1,73.1
890,2020-06-09,55.4,82.4
891,2020-06-10,60.6,94.8
892,2020-06-11,61.4,94.8
893,2020-06-12,60.2,82.0
894,2020-06-13,59.5,74.2
895,2020-06-14,60.2,73.7
896,2020-06-15,59.6,74.5
897,2020-06-16,62.0,73.3
898,2020-06-17,62.5,72.7
899,2020-06-18,60.1,71.7
900,2020-06-19,61.5,71.5
901,2020-06-20,63.0,72.2
902,2020-06-21,63.0,71.1
903,2020-06-22,63.2,72.3
904,2020-06-23,63.2,73.5
905,2020-06-24,62.3,74.4
906,2020-06-25,62.1,72.9
907,2020-06-26,62.1,72.7
908,2020-06-27,62.6,76.2
909,2020-06-28,62.5,75.1
910,2020-06-29,60.8,73.0
911,2020-06-30,59.2,70.1
912,2020-07-01,61.8,73.2
913,2020-07-02,62.9,72.4
914,2020-07-03,60.7,76.2
915,2020-07-04,60.7,79.4
916,2020-07-05,62.3,81.2
917,2020-07-06,61.7,86.6
918,2020-07-07,61.9,84.3
919,2020-07-08,63.7,79.3
920,2020-07-09,61.1,77.2
921,2020-07-10,61.5,77.5
922,2020-07-11,65.0,85.1
923,2020-07-12,66.9,87.1
924,2020-07-13,67.5,89.7
925,2020-07-14,66.3,81.6
926,2020-07-15,65.4,77.9
927,2020-07-16,65.0,76.9
928,2020-07-17,65.4,77.5
929,2020-07-18,65.8,78.9
930,2020-07-19,65.3,79.8
931,2020-07-20,64.3,78.5
932,2020-07-21,64.2,76.3
933,2020-07-22,65.1,77.7
934,2020-07-23,64.2,74.3
935,2020-07-24,63.3,74.7
936,2020-07-25,64.3,74.9
937,2020-07-26,64.2,77.5
938,2020-07-27,64.6,78.3
939,2020-07-28,63.8,78.3
940,2020-07-29,63.0,75.0
941,2020-07-30,63.7,77.1
942,2020-07-31,63.7,78.3
943,2020-08-01,64.6,84.0
944,2020-08-02,61.1,80.9
945,2020-08-03,61.9,78.8
946,2020-08-04,63.2,76.1
947,2020-08-05,63.5,75.3
948,2020-08-06,64.5,74.1
949,2020-08-07,61.2,73.8
950,2020-08-08,62.7,77.3
951,2020-08-09,63.6,78.8
952,2020-08-10,64.3,77.7
953,2020-08-11,64.2,77.9
954,2020-08-12,62.1,76.7
955,2020-08-13,62.1,81.6
956,2020-08-14,67.4,89.0
957,2020-08-15,68.2,90.8
958,2020-08-16,71.0,88.3
959,2020-08-17,69.1,84.1
960,2020-08-18,70.2,86.8
961,2020-08-19,71.3,92.1
962,2020-08-20,70.2,85.7
963,2020-08-21,69.5,87.8
964,2020-08-22,69.9,88.9
965,2020-08-23,73.4,88.4
966,2020-08-24,72.9,87.4
967,2020-08-25,71.3,83.5
968,2020-08-26,70.1,82.8
969,2020-08-27,68.3,82.7
970,2020-08-28,67.8,85.0
971,2020-08-29,66.9,79.9
972,2020-08-30,65.9,78.1
973,2020-08-31,65.0,76.9
974,2020-09-01,64.9,75.5
975,2020-09-02,65.3,76.1
976,2020-09-03,65.7,75.7
977,2020-09-04,65.7,80.0
978,2020-09-05,66.0,84.2
979,2020-09-06,68.9,97.7
980,2020-09-07,69.5,102.9
981,2020-09-08,67.8,79.0
982,2020-09-09,65.8,76.1
983,2020-09-10,61.9,80.8
984,2020-09-11,61.0,83.8
985,2020-09-12,61.7,83.3
986,2020-09-13,61.2,81.6
987,2020-09-14,62.0,81.0
988,2020-09-15,62.0,83.9
989,2020-09-16,63.0,86.1
990,2020-09-17,64.2,91.5
991,2020-09-18,65.1,94.2
992,2020-09-19,65.1,93.7
993,2020-09-20,64.6,84.3
994,2020-09-21,64.0,76.7
995,2020-09-22,64.1,76.8
996,2020-09-23,62.0,82.1
997,2020-09-24,62.2,85.5
998,2020-09-25,61.2,83.6
999,2020-09-26,62.9,75.4
1000,2020-09-27,64.1,76.5
1001,2020-09-28,62.2,74.2
1002,2020-09-29,61.8,81.8
1003,2020-09-30,64.0,88.3
1004,2020-10-01,70.3,97.9
1005,2020-10-02,67.1,97.7
1006,2020-10-03,65.5,94.7
1007,2020-10-04,64.1,89.0
1008,2020-10-05,65.5,91.4
1009,2020-10-06,62.6,90.9
1010,2020-10-07,61.2,85.1
1011,2020-10-08,62.8,77.2
1012,2020-10-09,62.4,73.6
1013,2020-10-10,64.2,74.8
1014,2020-10-11,62.4,73.7
1015,2020-10-12,61.6,75.3
1016,2020-10-13,61.4,90.7
1017,2020-10-14,65.0,94.5
1018,2020-10-15,64.7,88.0
1019,2020-10-16,62.8,90.3
1020,2020-10-17,60.9,89.2
1021,2020-10-18,60.6,81.2
1022,2020-10-19,60.2,81.2
1023,2020-10-20,62.4,76.3
1024,2020-10-21,63.2,73.9
1025,2020-10-22,63.0,73.2
1026,2020-10-23,64.3,71.8
1027,2020-10-24,64.5,71.8
1028,2020-10-25,64.0,70.5
1029,2020-10-26,57.8,68.3
1030,2020-10-27,50.2,71.7
1031,2020-10-28,49.9,74.5
1032,2020-10-29,52.6,74.8
1033,2020-10-30,53.0,80.2
1034,2020-10-31,54.2,79.0
1035,2020-11-01,53.6,78.8
1036,2020-11-02,57.6,83.2
1037,2020-11-03,55.2,74.2
1038,2020-11-04,54.8,73.6
1039,2020-11-05,55.6,78.9
1040,2020-11-06,60.5,90.0
1041,2020-11-07,57.0,71.0
1042,2020-11-08,52.1,61.3
1043,2020-11-09,48.1,60.9
1044,2020-11-10,46.1,60.9
1045,2020-11-11,44.7,65.1
1046,2020-11-12,45.8,66.4
1047,2020-11-13,47.4,68.2
1048,2020-11-14,47.7,65.5
1049,2020-11-15,52.5,67.2
1050,2020-11-16,55.7,80.8
1051,2020-11-17,57.3,87.9
1052,2020-11-18,50.3,80.6
1053,2020-11-19,49.5,66.1
1054,2020-11-20,50.3,67.7
1055,2020-11-21,50.8,72.7
1056,2020-11-22,51.5,70.7
1057,2020-11-23,51.6,68.8
1058,2020-11-24,52.4,63.2
1059,2020-11-25,50.3,65.1
1060,2020-11-26,50.4,64.8
1061,2020-11-27,48.0,64.1
1062,2020-11-28,45.5,68.8
1063,2020-11-29,45.7,71.5
1064,2020-11-30,46.6,72.7
1065,2020-12-01,49.0,74.7
1066,2020-12-02,49.6,73.0
1067,2020-12-03,49.7,77.3
1068,2020-12-04,48.9,71.9
1069,2020-12-05,45.7,70.6
1070,2020-12-06,46.1,70.4
1071,2020-12-07,45.6,70.9
1072,2020-12-08,50.1,71.1
1073,2020-12-09,53.6,80.3
1074,2020-12-10,48.3,71.9
1075,2020-12-11,47.6,62.2
1076,2020-12-12,47.2,60.9
1077,2020-12-13,46.8,60.5
1078,2020-12-14,47.0,67.2
1079,2020-12-15,47.1,61.9
1080,2020-12-16,44.1,67.3
1081,2020-12-17,45.7,69.0
1082,2020-12-18,46.2,62.0
1083,2020-12-19,45.8,64.1
1084,2020-12-20,45.9,69.6
1085,2020-12-21,48.3,76.7
1086,2020-12-22,48.1,79.1
1087,2020-12-23,46.4,65.5
1088,2020-12-24,44.2,68.8
1089,2020-12-25,52.5,66.0
1090,2020-12-26,48.7,71.4
1091,2020-12-27,46.7,64.9
1092,2020-12-28,50.3,59.3
1093,2020-12-29,49.4,58.1
1094,2020-12-30,43.7,60.0
1095,2020-12-31,41.8,64.0
1096,2021-01-01,43.5,62.1
1097,2021-01-02,44.2,67.1
1098,2021-01-03,44.9,63.9
1099,2021-01-04,44.5,62.6
1100,2021-01-05,45.6,62.8
1101,2021-01-06,46.0,59.6
1102,2021-01-07,45.1,63.4
1103,2021-01-08,45.1,68.7
1104,2021-01-09,44.1,66.9
1105,2021-01-10,43.4,68.3
1106,2021-01-11,47.1,69.8
1107,2021-01-12,46.3,69.7
1108,2021-01-13,47.9,70.5
1109,2021-01-14,48.5,72.8
1110,2021-01-15,53.1,83.3
1111,2021-01-16,57.3,86.5
1112,2021-01-17,55.9,77.8
1113,2021-01-18,54.9,81.2
1114,2021-01-19,51.4,71.0
1115,2021-01-20,51.3,67.0
1116,2021-01-21,56.7,69.1
1117,2021-01-22,52.0,66.8
1118,2021-01-23,51.0,61.9
1119,2021-01-24,44.0,55.2
1120,2021-01-25,43.2,56.5
1121,2021-01-26,47.5,52.0
1122,2021-01-27,42.3,55.2
1123,2021-01-28,41.7,59.6
1124,2021-01-29,44.6,62.6
1125,2021-01-30,44.1,57.9
1126,2021-01-31,43.0,60.2
1127,2021-02-01,45.8,66.9
1128,2021-02-02,55.1,69.1
1129,2021-02-03,50.8,65.4
1130,2021-02-04,49.4,63.1
1131,2021-02-05,47.8,61.8
1132,2021-02-06,45.9,66.0
1133,2021-02-07,44.6,71.8
1134,2021-02-08,44.2,66.5
1135,2021-02-09,48.6,60.1
1136,2021-02-10,51.1,58.8
1137,2021-02-11,47.2,59.6
1138,2021-02-12,46.6,66.5
1139,2021-02-13,48.2,60.6
1140,2021-02-14,47.7,59.6
1141,2021-02-15,47.1,62.2
1142,2021-02-16,46.3,61.2
1143,2021-02-17,48.1,60.6
1144,2021-02-18,45.8,62.0
1145,2021-02-19,45.8,68.4
1146,2021-02-20,45.1,67.2
1147,2021-02-21,45.0,63.0
1148,2021-02-22,46.4,75.8
1149,2021-02-23,48.1,77.1
1150,2021-02-24,48.3,73.9
1151,2021-02-25,45.9,70.9
1152,2021-02-26,45.8,70.6
1153,2021-02-27,45.8,70.9
1154,2021-02-28,45.3,63.4
1155,2021-03-01,45.8,71.5
1156,2021-03-02,45.8,74.3
1157,2021-03-03,44.0,71.5
1158,2021-03-04,45.4,58.2
1159,2021-03-05,47.1,62.8
1160,2021-03-06,48.6,69.5
1161,2021-03-07,49.2,64.5
1162,2021-03-08,49.5,60.8
1163,2021-03-09,49.6,61.6
1164,2021-03-10,47.8,59.1
1165,2021-03-11,46.9,58.8
1166,2021-03-12,44.6,56.2
1167,2021-03-13,44.5,56.2
1168,2021-03-14,46.8,59.3
1169,2021-03-15,50.3,58.8
1170,2021-03-16,47.0,55.0
1171,2021-03-17,42.8,56.9
1172,2021-03-18,42.3,60.5
1173,2021-03-19,47.4,61.4
1174,2021-03-20,47.9,67.1
1175,2021-03-21,46.9,62.5
1176,2021-03-22,45.7,60.8
1177,2021-03-23,45.9,63.6
1178,2021-03-24,47.5,59.9
1179,2021-03-25,46.1,64.0
1180,2021-03-26,50.1,57.7
1181,2021-03-27,46.7,60.2
1182,2021-03-28,45.5,70.1
1183,2021-03-29,50.9,81.2
1184,2021-03-30,50.7,73.3
1185,2021-03-31,50.8,67.0
1186,2021-04-01,50.5,83.8
1187,2021-04-02,54.3,84.1
1188,2021-04-03,51.9,67.7
1189,2021-04-04,51.3,65.9
1190,2021-04-05,49.9,71.3
1191,2021-04-06,53.4,65.1
1192,2021-04-07,52.3,66.6
1193,2021-04-08,52.1,70.8
1194,2021-04-09,52.4,68.0
1195,2021-04-10,53.6,67.7
1196,2021-04-11,53.7,67.5
1197,2021-04-12,55.1,65.6
1198,2021-04-13,55.7,65.0
1199,2021-04-14,53.6,57.4
1200,2021-04-15,50.3,60.0
1201,2021-04-16,48.7,62.6
1202,2021-04-17,54.5,65.4
1203,2021-04-18,54.3,65.0
1204,2021-04-19,52.8,79.9
1205,2021-04-20,52.4,75.4
1206,2021-04-21,55.0,63.8
1207,2021-04-22,53.8,60.5
1208,2021-04-23,53.6,58.8
1209,2021-04-24,54.2,60.4
1210,2021-04-25,55.8,64.1
1211,2021-04-26,54.8,63.8
1212,2021-04-27,51.7,60.7
1213,2021-04-28,48.6,61.1
1214,2021-04-29,48.6,70.7
1215,2021-04-30,53.5,79.5
1216,2021-05-01,57.4,80.0
1217,2021-05-02,56.7,69.0
1218,2021-05-03,55.5,61.7
1219,2021-05-04,56.7,68.9
1220,2021-05-05,56.3,71.0
1221,2021-05-06,56.0,70.3
1222,2021-05-07,57.2,66.2
1223,2021-05-08,57.2,66.0
1224,2021-05-09,56.4,66.2
1225,2021-05-10,56.9,67.2
1226,2021-05-11,54.8,64.7
1227,2021-05-12,56.7,66.1
1228,2021-05-13,58.2,68.0
1229,2021-05-14,58.5,68.5
1230,2021-05-15,57.9,68.4
1231,2021-05-16,56.4,65.3
1232,2021-05-17,55.6,61.6
1233,2021-05-18,56.3,64.3
1234,2021-05-19,57.8,67.1
1235,2021-05-20,57.1,68.6
1236,2021-05-21,55.1,63.4
1237,2021-05-22,51.8,63.3
1238,2021-05-23,50.3,62.6
1239,2021-05-24,50.0,68.2
1240,2021-05-25,54.2,74.3
1241,2021-05-26,56.0,75.7
1242,2021-05-27,56.4,68.6
1243,2021-05-28,56.2,66.7
1244,2021-05-29,57.6,68.1
1245,2021-05-30,56.2,64.7
1246,2021-05-31,57.6,66.2
1247,2021-06-01,58.0,68.7
1248,2021-06-02,57.6,68.7
1249,2021-06-03,57.9,69.7
1250,2021-06-04,57.8,68.1
1251,2021-06-05,57.5,71.0
1252,2021-06-06,58.6,71.3
1253,2021-06-07,59.0,67.8
1254,2021-06-08,58.7,63.9
1255,2021-06-09,58.3,68.7
1256,2021-06-10,53.5,69.7
1257,2021-06-11,52.9,71.3
1258,2021-06-12,54.4,74.4
1259,2021-06-13,56.2,75.4
1260,2021-06-14,58.8,75.4
1261,2021-06-15,58.3,76.8
1262,2021-06-16,61.6,89.3
1263,2021-06-17,61.1,76.2
1264,2021-06-18,61.6,75.9
1265,2021-06-19,62.3,72.0
1266,2021-06-20,61.4,73.4
1267,2021-06-21,59.9,72.0
1268,2021-06-22,60.7,73.4
1269,2021-06-23,62.8,71.1
1270,2021-06-24,62.9,74.0
1271,2021-06-25,61.7,71.7
1272,2021-06-26,61.1,73.9
1273,2021-06-27,61.0,72.8
1274,2021-06-28,61.8,73.4
1275,2021-06-29,62.2,71.2
1276,2021-06-30,63.3,70.5
1277,2021-07-01,62.7,73.7
1278,2021-07-02,63.2,75.6
1279,2021-07-03,63.3,74.6
1280,2021-07-04,62.8,75.5
1281,2021-07-05,63.0,74.1
1282,2021-07-06,63.1,75.3
1283,2021-07-07,62.0,74.1
1284,2021-07-08,62.5,74.2
1285,2021-07-09,63.0,76.4
1286,2021-07-10,64.4,79.3
1287,2021-07-11,65.4,82.3
1288,2021-07-12,64.7,76.5
1289,2021-07-13,65.1,75.9
1290,2021-07-14,65.2,78.2
1291,2021-07-15,65.6,77.8
1292,2021-07-16,65.7,78.2
1293,2021-07-17,65.4,78.1
1294,2021-07-18,65.6,77.5
1295,2021-07-19,67.1,81.9
1296,2021-07-20,66.4,81.9
1297,2021-07-21,66.0,83.0
1298,2021-07-22,66.4,81.2
1299,2021-07-23,65.3,77.3
1300,2021-07-24,64.9,78.0
1301,2021-07-25,65.5,75.6
1302,2021-07-26,66.3,75.4
1303,2021-07-27,66.3,71.8
1304,2021-07-28,64.5,75.4
1305,2021-07-29,64.0,79.5
1306,2021-07-30,63.7,78.5
1307,2021-07-31,62.8,77.3
1308,2021-08-01,61.1,77.6
1309,2021-08-02,60.4,83.3
1310,2021-08-03,62.0,86.1
1311,2021-08-04,62.6,80.5
1312,2021-08-05,63.2,76.4
1313,2021-08-06,62.9,78.6
1314,2021-08-07,62.2,74.3
1315,2021-08-08,62.0,74.2
1316,2021-08-09,62.2,75.5
1317,2021-08-10,62.6,79.0
1318,2021-08-11,65.6,80.5
1319,2021-08-12,68.2,85.6
1320,2021-08-13,67.4,86.5
1321,2021-08-14,66.5,84.5
1322,2021-08-15,66.1,83.0
1323,2021-08-16,66.2,79.1
1324,2021-08-17,66.3,80.3
1325,2021-08-18,68.3,77.1
1326,2021-08-19,68.8,76.4
1327,2021-08-20,67.1,76.4
1328,2021-08-21,66.2,73.8
1329,2021-08-22,63.9,73.6
1330,2021-08-23,64.9,73.0
1331,2021-08-24,62.2,76.2
1332,2021-08-25,61.7,77.6
1333,2021-08-26,63.9,80.3
1334,2021-08-27,64.7,85.2
1335,2021-08-28,63.9,83.1
1336,2021-08-29,64.5,78.4
1337,2021-08-30,64.1,78.2
1338,2021-08-31,66.4,77.4
1339,2021-09-01,65.6,71.8
1340,2021-09-02,66.4,74.7
1341,2021-09-03,65.6,75.7
1342,2021-09-04,63.0,75.3
1343,2021-09-05,62.0,85.2
1344,2021-09-06,64.7,81.6
1345,2021-09-07,66.4,77.8
1346,2021-09-08,66.9,81.6
1347,2021-09-09,66.4,83.0
1348,2021-09-10,66.8,85.3
1349,2021-09-11,66.9,84.6
1350,2021-09-12,66.4,87.5
1351,2021-09-13,63.2,81.7
1352,2021-09-14,62.0,80.0
1353,2021-09-15,62.8,76.6
1354,2021-09-16,62.8,74.5
1355,2021-09-17,62.5,72.9
1356,2021-09-18,62.5,73.2
1357,2021-09-19,62.3,73.7
1358,2021-09-20,58.7,73.6
1359,2021-09-21,58.4,76.3
1360,2021-09-22,63.0,91.3
1361,2021-09-23,66.1,89.9
1362,2021-09-24,63.0,79.3
1363,2021-09-25,63.4,75.6
1364,2021-09-26,63.5,73.4
1365,2021-09-27,62.8,67.9
1366,2021-09-28,62.7,66.0
1367,2021-09-29,61.7,70.4
1368,2021-09-30,58.2,72.0
1369,2021-10-01,55.7,79.4
1370,2021-10-02,58.6,90.2
1371,2021-10-03,61.0,91.6
1372,2021-10-04,63.4,89.9
1373,2021-10-05,63.8,83.8
1374,2021-10-06,63.9,75.6
1375,2021-10-07,64.8,71.2
1376,2021-10-08,63.1,70.1
1377,2021-10-09,57.7,67.8
1378,2021-10-10,54.6,70.4
1379,2021-10-11,53.9,75.8
1380,2021-10-12,55.3,68.0
1381,2021-10-13,48.6,68.5
1382,2021-10-14,47.7,72.2
1383,2021-10-15,49.9,73.9
1384,2021-10-16,53.2,86.0
1385,2021-10-17,55.1,85.8
1386,2021-10-18,56.1,75.0
1387,2021-10-19,48.1,65.7
1388,2021-10-20,48.3,66.7
1389,2021-10-21,48.8,69.4
1390,2021-10-22,51.7,72.7
1391,2021-10-23,57.1,67.7
1392,2021-10-24,56.8,66.6
1393,2021-10-25,55.3,69.8
1394,2021-10-26,53.6,65.7
1395,2021-10-27,51.3,66.6
1396,2021-10-28,51.5,78.6
1397,2021-10-29,57.9,86.1
1398,2021-10-30,58.1,79.2
1399,2021-10-31,58.4,67.9
1400,2021-11-01,55.9,66.9
1401,2021-11-02,55.1,69.0
1402,2021-11-03,54.4,64.2
1403,2021-11-04,54.2,68.7
1404,2021-11-05,53.7,68.2
1405,2021-11-06,53.5,70.4
1406,2021-11-07,55.7,67.0
1407,2021-11-08,54.4,67.4
1408,2021-11-09,53.5,65.6
1409,2021-11-10,54.9,66.3
1410,2021-11-11,56.2,69.5
1411,2021-11-12,59.2,84.4
1412,2021-11-13,62.9,89.4
1413,2021-11-14,60.9,84.9
1414,2021-11-15,59.1,85.6
1415,2021-11-16,51.7,78.5
1416,2021-11-17,51.4,64.1
1417,2021-11-18,52.2,66.6
1418,2021-11-19,53.1,63.3
1419,2021-11-20,54.7,63.8
1420,2021-11-21,52.7,63.9
1421,2021-11-22,51.3,82.3
1422,2021-11-23,57.6,82.1
1423,2021-11-24,53.2,68.3
1424,2021-11-25,50.3,67.8
1425,2021-11-26,51.9,75.9
1426,2021-11-27,51.7,79.1
1427,2021-11-28,51.6,75.5
1428,2021-11-29,50.2,78.1
1429,2021-11-30,48.5,76.6
1430,2021-12-01,48.3,67.9
1431,2021-12-02,49.1,75.1
1432,2021-12-03,52.7,62.5
1433,2021-12-04,53.1,62.9
1434,2021-12-05,54.4,60.8
1435,2021-12-06,49.2,64.0
1436,2021-12-07,47.8,62.9
1437,2021-12-08,51.3,60.0
1438,2021-12-09,51.0,66.1
1439,2021-12-10,48.9,60.3
1440,2021-12-11,45.9,59.4
1441,2021-12-12,44.8,64.8
1442,2021-12-13,43.6,62.9
1443,2021-12-14,49.5,57.7
1444,2021-12-15,45.8,58.4
1445,2021-12-16,40.7,56.4
1446,2021-12-17,39.9,57.2
1447,2021-12-18,44.9,63.3
1448,2021-12-19,42.8,65.1
1449,2021-12-20,42.4,63.8
1450,2021-12-21,41.0,65.1
1451,2021-12-22,50.9,65.4
1452,2021-12-23,50.1,63.3
1453,2021-12-24,51.8,64.0
1454,2021-12-25,51.5,59.9
1455,2021-12-26,51.0,56.8
1456,2021-12-27,44.1,56.9
1457,2021-12-28,44.3,54.8
1458,2021-12-29,46.7,54.4
1459,2021-12-30,46.1,55.9
1460,2021-12-31,52.3,62.6
1461,2022-01-01,50.9,59.5
1462,2022-01-02,43.6,61.4
1463,2022-01-03,42.0,65.0
1464,2022-01-04,40.7,60.2
1465,2022-01-05,41.3,59.5
1466,2022-01-06,44.2,65.6
1467,2022-01-07,46.4,67.0
1468,2022-01-08,45.5,59.3
1469,2022-01-09,47.0,61.1
1470,2022-01-10,45.5,71.6
1471,2022-01-11,51.0,71.7
1472,2022-01-12,52.6,77.5
1473,2022-01-13,52.9,75.5
1474,2022-01-14,53.9,73.1
1475,2022-01-15,53.0,71.6
1476,2022-01-16,54.0,67.9
1477,2022-01-17,54.6,68.7
1478,2022-01-18,53.5,65.1
1479,2022-01-19,55.0,61.8
1480,2022-01-20,49.1,63.1
1481,2022-01-21,47.9,70.3
1482,2022-01-22,47.3,63.5
1483,2022-01-23,48.7,68.7
1484,2022-01-24,48.8,70.4
1485,2022-01-25,46.4,68.0
1486,2022-01-26,45.0,62.7
1487,2022-01-27,44.5,67.7
1488,2022-01-28,45.3,68.8
1489,2022-01-29,46.0,73.1
1490,2022-01-30,46.6,66.9
1491,2022-01-31,44.6,68.6
1492,2022-02-01,44.0,62.8
1493,2022-02-02,47.3,61.0
1494,2022-02-03,42.6,65.6
1495,2022-02-04,41.0,62.6
1496,2022-02-05,42.2,67.4
1497,2022-02-06,43.8,67.8
1498,2022-02-07,43.8,74.0
1499,2022-02-08,50.1,74.9
1500,2022-02-09,49.4,76.2
1501,2022-02-10,53.3,84.8
1502,2022-02-11,55.8,83.5
1503,2022-02-12,54.8,81.3
1504,2022-02-13,54.8,86.7
1505,2022-02-14,54.5,83.7
1506,2022-02-15,51.5,75.9
1507,2022-02-16,44.3,57.1
1508,2022-02-17,43.3,60.9
1509,2022-02-18,44.0,70.6
1510,2022-02-19,44.6,68.7
1511,2022-02-20,45.0,70.6
1512,2022-02-21,46.2,62.6
1513,2022-02-22,51.5,60.0
1514,2022-02-23,46.8,57.1
1515,2022-02-24,40.7,53.4
1516,2022-02-25,38.9,59.0
1517,2022-02-26,39.3,59.4
1518,2022-02-27,42.2,67.5
1519,2022-02-28,46.1,70.5
1520,2022-03-01,48.7,75.6
1521,2022-03-02,51.2,77.3
1522,2022-03-03,49.0,79.8
1523,2022-03-04,47.9,61.4
1524,2022-03-05,51.3,61.4
1525,2022-03-06,46.3,57.0
1526,2022-03-07,44.5,59.1
1527,2022-03-08,44.2,64.3
1528,2022-03-09,44.7,66.6
1529,2022-03-10,44.7,64.0
1530,2022-03-11,46.1,62.5
1531,2022-03-12,45.0,67.6
1532,2022-03-13,46.6,71.4
1533,2022-03-14,47.7,63.2
1534,2022-03-15,48.7,68.4
1535,2022-03-16,49.0,69.4
1536,2022-03-17,51.5,66.9
1537,2022-03-18,50.7,75.3
1538,2022-03-19,50.4,74.0
1539,2022-03-20,52.8,65.0
1540,2022-03-21,49.8,63.3
1541,2022-03-22,50.0,66.6
1542,2022-03-23,53.3,79.1
1543,2022-03-24,57.3,84.5
1544,2022-03-25,53.9,76.8
1545,2022-03-26,53.2,73.6
1546,2022-03-27,53.3,68.0
1547,2022-03-28,55.1,63.8
1548,2022-03-29,52.3,65.5
1549,2022-03-30,51.9,61.9
1550,2022-03-31,53.3,63.9
1551,2022-04-01,54.3,60.3
1552,2022-04-02,55.9,66.3
1553,2022-04-03,56.3,60.3
1554,2022-04-04,55.9,60.8
1555,2022-04-05,52.6,66.6
1556,2022-04-06,52.1,69.8
1557,2022-04-07,54.1,78.8
1558,2022-04-08,54.6,94.1
1559,2022-04-09,60.9,94.9
1560,2022-04-10,57.6,75.3
1561,2022-04-11,57.4,64.5
1562,2022-04-12,52.8,64.2
1563,2022-04-13,48.8,63.8
1564,2022-04-14,47.1,65.0
1565,2022-04-15,46.5,66.6
1566,2022-04-16,50.9,67.9
1567,2022-04-17,56.4,65.7
1568,2022-04-18,54.6,67.4
1569,2022-04-19,53.6,71.8
1570,2022-04-20,54.1,70.1
1571,2022-04-21,51.2,66.8
1572,2022-04-22,50.8,67.1
1573,2022-04-23,49.4,62.0
1574,2022-04-24,49.0,67.2
1575,2022-04-25,53.6,81.9
1576,2022-04-26,55.7,84.5
1577,2022-04-27,54.5,75.7
1578,2022-04-28,55.6,65.5
1579,2022-04-29,52.6,64.1
1580,2022-04-30,52.1,67.2
1581,2022-05-01,53.0,70.1
1582,2022-05-02,56.3,65.8
1583,2022-05-03,56.0,66.0
1584,2022-05-04,52.1,64.6
1585,2022-05-05,51.4,70.7
1586,2022-05-06,55.6,74.6
1587,2022-05-07,55.5,69.7
1588,2022-05-08,57.4,68.1
1589,2022-05-09,54.9,64.5
1590,2022-05-10,50.4,65.1
1591,2022-05-11,49.1,66.4
1592,2022-05-12,48.5,64.5
1593,2022-05-13,49.3,74.1
1594,2022-05-14,55.2,82.5
1595,2022-05-15,57.5,85.0
1596,2022-05-16,56.2,74.8
1597,2022-05-17,57.1,68.6
1598,2022-05-18,56.7,65.5
1599,2022-05-19,56.7,67.0
1600,2022-05-20,56.8,67.1
1601,2022-05-21,56.7,65.2
1602,2022-05-22,56.6,64.0
1603,2022-05-23,57.1,67.6
1604,2022-05-24,56.8,66.0
1605,2022-05-25,55.6,66.6
1606,2022-05-26,55.8,68.8
1607,2022-05-27,59.1,68.2
1608,2022-05-28,59.3,69.1
1609,2022-05-29,58.8,64.6
1610,2022-05-30,57.4,68.0
1611,2022-05-31,58.3,69.2
1612,2022-06-01,58.2,69.4
1613,2022-06-02,57.1,70.0
1614,2022-06-03,57.4,70.4
1615,2022-06-04,58.1,70.4
1616,2022-06-05,60.6,68.7
1617,2022-06-06,61.2,71.7
1618,2022-06-07,61.0,73.1
1619,2022-06-08,60.2,72.5
1620,2022-06-09,60.8,73.2
1621,2022-06-10,60.1,75.4
1622,2022-06-11,60.0,75.4
1623,2022-06-12,60.5,75.0
1624,2022-06-13,61.0,74.7
1625,2022-06-14,61.8,69.8
1626,2022-06-15,59.4,71.6
1627,2022-06-16,59.3,71.2
1628,2022-06-17,59.3,72.6
1629,2022-06-18,58.3,70.8
1630,2022-06-19,55.9,70.6
1631,2022-06-20,55.5,74.6
1632,2022-06-21,58.8,80.7
1633,2022-06-22,62.1,77.0
1634,2022-06-23,63.7,79.7
1635,2022-06-24,63.3,82.0
1636,2022-06-25,61.1,80.1
1637,2022-06-26,60.0,79.7
1638,2022-06-27,59.9,78.5
1639,2022-06-28,61.9,81.0
1640,2022-06-29,64.8,82.5
1641,2022-06-30,65.0,81.5
1642,2022-07-01,65.2,78.1
1643,2022-07-02,64.0,76.9
1644,2022-07-03,62.7,75.0
1645,2022-07-04,63.1,71.6
1646,2022-07-05,61.7,70.9
1647,2022-07-06,63.9,73.8
1648,2022-07-07,64.3,73.9
1649,2022-07-08,64.1,73.4
1650,2022-07-09,63.1,75.0
1651,2022-07-10,62.3,77.9
1652,2022-07-11,62.4,76.6
1653,2022-07-12,62.4,73.0
1654,2022-07-13,61.7,72.7
1655,2022-07-14,62.2,72.9
1656,2022-07-15,62.5,73.0
1657,2022-07-16,63.1,75.0
1658,2022-07-17,63.2,75.2
1659,2022-07-18,63.6,77.5
1660,2022-07-19,64.3,78.0
1661,2022-07-20,64.8,80.1
1662,2022-07-21,65.0,81.4
1663,2022-07-22,62.4,80.2
1664,2022-07-23,63.2,74.6
1665,2022-07-24,64.1,74.7
1666,2022-07-25,64.4,74.8
1667,2022-07-26,64.9,75.0
1668,2022-07-27,65.3,76.8
1669,2022-07-28,63.8,77.7
1670,2022-07-29,63.4,77.4
1671,2022-07-30,63.9,75.5
1672,2022-07-31,65.9,78.4
1673,2022-08-01,68.1,81.4
1674,2022-08-02,67.7,81.7
1675,2022-08-03,67.4,80.7
1676,2022-08-04,66.4,79.2
1677,2022-08-05,66.5,79.6
1678,2022-08-06,66.1,81.1
1679,2022-08-07,65.3,79.0
1680,2022-08-08,64.8,82.8
1681,2022-08-09,65.9,82.9
1682,2022-08-10,68.7,85.8
1683,2022-08-11,67.4,86.6
1684,2022-08-12,66.6,86.2
1685,2022-08-13,66.7,84.5
1686,2022-08-14,67.7,82.4
1687,2022-08-15,67.5,81.9
1688,2022-08-16,66.8,80.4
1689,2022-08-17,66.1,81.7
1690,2022-08-18,66.8,82.5
1691,2022-08-19,65.7,81.4
1692,2022-08-20,66.1,76.9
1693,2022-08-21,66.2,76.4
1694,2022-08-22,65.9,75.1
1695,2022-08-23,66.5,78.4
1696,2022-08-24,66.6,77.6
1697,2022-08-25,67.0,78.8
1698,2022-08-26,67.2,80.6
1699,2022-08-27,67.7,81.2
1700,2022-08-28,67.4,76.8
1701,2022-08-29,67.3,75.8
1702,2022-08-30,66.9,77.7
1703,2022-08-31,66.7,82.0
1704,2022-09-01,67.4,88.8
1705,2022-09-02,68.1,89.8
1706,2022-09-03,70.6,89.4
1707,2022-09-04,74.2,96.3
1708,2022-09-05,72.6,90.1
1709,2022-09-06,69.5,88.7
1710,2022-09-07,69.5,88.6
1711,2022-09-08,71.7,92.4
1712,2022-09-09,73.0,93.2
1713,2022-09-10,68.7,86.6
1714,2022-09-11,70.3,78.7
1715,2022-09-12,71.5,84.7
1716,2022-09-13,69.8,80.8
1717,2022-09-14,66.3,79.3
1718,2022-09-15,65.7,74.8
1719,2022-09-16,61.8,74.8
1720,2022-09-17,61.3,75.0
1721,2022-09-18,64.1,73.8
1722,2022-09-19,60.9,73.3
1723,2022-09-20,61.4,75.6
1724,2022-09-21,60.9,77.8
1725,2022-09-22,60.9,76.5
1726,2022-09-23,58.9,79.9
1727,2022-09-24,64.9,83.9
1728,2022-09-25,66.3,84.4
1729,2022-09-26,65.9,82.4
1730,2022-09-27,65.5,82.8
1731,2022-09-28,64.9,86.4
